mV, mH, stdV, stdH, varV, varH, mdV, mdH, zcrV, zcrH, rmsV,             corrV1, corrV2, corrV3, corrV4, corrV5, corrV6, corrV7, corrV8, corrV9, corrV10, corrV11, corrV12,             corrH1, corrH2, corrH3, corrH4, corrH5, corrH6, corrH7, corrH8, corrH9, corrH10, corrH11, corrH12,             ps1, ps2, ps3, ps4, ps5, ps6, ps7, ps8, ps9, ps10, ps11, ps12,             sEntropyV, sEntropyH, CfV, CfH, SfV, SfH, WfV, WfH, KfV, KfH, CtV, CtH, StV, StH, WtV, WtH, KtV, KtH, class
-0.244694,-0.244698,-0.244695,-0.244696,-0.244697,-0.244697,-0.244696,-0.244696,-0.244544,-0.244391,-0.244694,-0.244696,-0.244697,-0.244697,-0.244697,-0.244697,-0.244697,-0.244697,-0.244697,-0.244697,-0.244697,-0.244697,-0.244697,-0.244697,-0.244697,-0.244697,-0.244697,-0.244697,-0.244697,-0.244697,-0.244697,-0.244697,-0.244697,-0.244697,-0.244697,-0.244697,-0.244697,-0.244697,-0.244697,-0.244697,-0.244697,-0.244697,-0.244697,-0.244697,-0.244697,-0.244697,-0.244697,-0.244697,-0.243543,1.540732,5.019359,4.208569,3.895962,-0.246230,-0.246255,-0.243021,-0.242942,-0.165373,-0.178496,-0.192126,-0.182716,-0.246108,-0.246055,-0.243313,-0.243446,Stop
