mV, mH, stdV, stdH, varV, varH, mdV, mdH, zcrV, zcrH, rmsV,             corrV1, corrV2, corrV3, corrV4, corrV5, corrV6, corrV7, corrV8, corrV9, corrV10, corrV11, corrV12,             corrH1, corrH2, corrH3, corrH4, corrH5, corrH6, corrH7, corrH8, corrH9, corrH10, corrH11, corrH12,             ps1, ps2, ps3, ps4, ps5, ps6, ps7, ps8, ps9, ps10, ps11, ps12,             sEntropyV, sEntropyH, CfV, CfH, SfV, SfH, WfV, WfH, KfV, KfH, CtV, CtH, StV, StH, WtV, WtH, KtV, KtH, class
-0.258954,-0.259085,-0.258836,-0.258740,-0.259002,-0.258983,-0.258866,-0.258800,-0.258243,-0.258740,-0.258827,-0.258735,-0.258993,-0.258986,-0.259015,-0.259042,-0.259025,-0.258975,-0.258960,-0.259015,-0.259081,-0.259070,-0.258978,-0.258904,-0.259083,-0.259130,-0.259184,-0.259230,-0.259218,-0.259131,-0.259000,-0.258881,-0.258819,-0.258832,-0.258904,-0.259006,-0.259014,-0.259016,-0.259016,-0.259015,-0.259014,-0.259015,-0.259015,-0.259012,-0.259015,-0.259016,-0.259016,-0.259016,-0.257182,4.367361,3.627502,3.627895,3.829309,-0.261220,-0.261177,-0.256809,-0.256885,-0.169356,-0.159738,-0.179812,-0.183291,-0.261022,-0.261164,-0.257120,-0.256843,Walk
